{"has_child":1,"home_url":"https:\/\/mandobasses.softsys.ca","child_file":{"mandobasses.softsys.ca_wpvivid-62a6c020915aa_2022-06-13-04-42_backup_plugin.part002.zip":{"file_type":"plugin","plugin":{"akismet":{"slug":"akismet","size":259241},"elementor":{"slug":"elementor","size":29744737},"fluentform":{"slug":"fluentform","size":14226826},"forminator":{"slug":"forminator","size":37996458},"jetpack":{"slug":"jetpack","size":29126084},"megamenu":{"slug":"megamenu","size":1665558},"members":{"slug":"members","size":2098273},"nav-menu-roles":{"slug":"nav-menu-roles","size":105981},"pdf-embedder":{"slug":"pdf-embedder","size":9011539},"shortcodes-ultimate":{"slug":"shortcodes-ultimate","size":3452046},"astra-sites":{"slug":"astra-sites","size":5805854},"tablepress":{"slug":"tablepress","size":1044678},"the-events-calendar":{"slug":"the-events-calendar","size":30245559},"ultimate-addons-for-gutenberg":{"slug":"ultimate-addons-for-gutenberg","size":11610771},"updraftplus":{"slug":"updraftplus","size":27085829},"user-submitted-posts":{"slug":"user-submitted-posts","size":3900466},"wp-file-upload":{"slug":"wp-file-upload","size":3345442},"wp-optimize":{"slug":"wp-optimize","size":10729786},"wpdatatables":{"slug":"wpdatatables","size":40044600},"wpforms-lite":{"slug":"wpforms-lite","size":15650123}},"root_flag":"wp-content","file":"mandobasses.softsys.ca_wpvivid-62a6c020915aa_2022-06-13-04-42_backup_plugin.part002.zip","php_version":"8.0.17","mysql_version":"10.6.7"},"mandobasses.softsys.ca_wpvivid-62a6c020915aa_2022-06-13-04-42_backup_uploads.zip":{"file_type":"upload","root_flag":"wp-content","file":"mandobasses.softsys.ca_wpvivid-62a6c020915aa_2022-06-13-04-42_backup_uploads.zip","php_version":"8.0.17","mysql_version":"10.6.7"},"mandobasses.softsys.ca_wpvivid-62a6c020915aa_2022-06-13-04-42_backup_core.zip":{"include_path":["wp-includes","wp-admin"],"wp_core":1,"home_url":"https:\/\/mandobasses.softsys.ca","file_type":"wp-core","root_flag":"root","file":"mandobasses.softsys.ca_wpvivid-62a6c020915aa_2022-06-13-04-42_backup_core.zip","php_version":"8.0.17","mysql_version":"10.6.7"}},"root_flag":"custom","file":"mandobasses.softsys.ca_wpvivid-62a6c020915aa_2022-06-13-04-42_backup_all.part002.zip","php_version":"8.0.17","mysql_version":"10.6.7"}