{"has_child":1,"home_url":"https:\/\/mandobasses.softsys.ca","child_file":{"mandobasses.softsys.ca_wpvivid-62a6c020915aa_2022-06-13-04-42_backup_themes.zip":{"file_type":"themes","themes":{"astra":{"slug":"astra","size":23863173},"rmo-theme":{"slug":"rmo-theme","size":178017},"twentytwenty":{"slug":"twentytwenty","size":1774872},"twentytwentyone":{"slug":"twentytwentyone","size":3669222},"twentytwentytwo":{"slug":"twentytwentytwo","size":6643877}},"root_flag":"wp-content","file":"mandobasses.softsys.ca_wpvivid-62a6c020915aa_2022-06-13-04-42_backup_themes.zip","php_version":"8.0.17","mysql_version":"10.6.7"},"mandobasses.softsys.ca_wpvivid-62a6c020915aa_2022-06-13-04-42_backup_db.zip":{"dump_db":1,"home_url":"https:\/\/mandobasses.softsys.ca","file_type":"databases","root_flag":"custom","file":"mandobasses.softsys.ca_wpvivid-62a6c020915aa_2022-06-13-04-42_backup_db.zip","php_version":"8.0.17","mysql_version":"10.6.7"},"mandobasses.softsys.ca_wpvivid-62a6c020915aa_2022-06-13-04-42_backup_content.zip":{"file_type":"wp-content","root_flag":"root","file":"mandobasses.softsys.ca_wpvivid-62a6c020915aa_2022-06-13-04-42_backup_content.zip","php_version":"8.0.17","mysql_version":"10.6.7"}},"root_flag":"custom","file":"mandobasses.softsys.ca_wpvivid-62a6c020915aa_2022-06-13-04-42_backup_all.part003.zip","php_version":"8.0.17","mysql_version":"10.6.7"}